label,proba,url
1,6.926540543462856e-05,https://tetes-air.pages.dev/dp/B0B6GK4VTC?ref=MarsFS_VICC_RINGINDC%2F
1,0.00022164646294697062,https://wwebemd.com/
1,0.001054765394767936,https://tolk.shorturl.lk/tkoqka
1,0.0036757977575159165,https://metaweb.dev/
1,0.004092340830005905,https://confirmationportal.com/92457791-0bce-4181-b8dc-8c4510be8e3e/a/5a442cb9-c593-4961-8949-5914700c3a05/ccp
1,0.007942976968829863,https://grupoexter.eu/wp-content/plugins/reading-progress-bar/public/css/48518408841de847155184158184815100sdcdr81d/
1,0.016212206924019642,https://channelhub.info/7b8a6c73ay0238415f8ab1f9da2ke9202b1b.html
1,0.029151774181225616,https://g5.lu/3fxeb
1,0.046492817824583664,https://supportms-ldcloud.us/a.php
1,0.047666215380508296,https://wpotop.cyou/
1,0.055676501696455036,https://mtoken-cdn-hk.lol/download
1,0.06874539801830844,https://condosmap.vercel.app/cju1tn
1,0.08262733566646195,https://kv-cont-blared.pages.dev/help/contact/317928204491396%2525252CN/A%2525252Chttps%2525253A/openphis/
1,0.14775108584435684,https://milkyfloors.vercel.app/
1,0.1773575729456682,http://uszoom.pages.dev/
1,0.21119752857632684,http://riwad.vercel.app/
1,0.2508513459592508,http://benchmark-hr.co.in/Coastelectricnola/Coastelectricnola.html
1,0.2654515646591396,https://mis-com-in.pages.dev/?app_vl=aHx3j29naIeVoL2twK2XgndfpsKj1Zqerphfpn1xkGiTqaOZl3yPsg&dd=WSEzLCIqISM0Zis4IislOiM5Jz19PTswOA&e=weste%2540marenga.com&sui=%257Bsui%257D&fn=&ln=&p=&z=CHNONARAW-%2528click%2529...
1,0.2679280340874446,http://kiwi-park.pages.dev/
1,0.28339423739857145,http://www.roblox.com.mu/users/580065616/profile/
1,0.317038178115761,https://sws-mno-com.pages.dev/?app_vl=aHx3j29naIeVoL2twK2XgndfpsKj1Zqerphfpn1xkGiTqaOZl3yPsg&dd=WSEzLCIqISM0Zis4IislOiM5Jz19PTswOA&e=weste%2540marenga.com&sui=%257Bsui%257D&fn=&ln=&p=&z=CHNONARAW-%2528click%252...
1,0.333745333019099,http://datagivers.com/078ec3ce7e6f374b5c6b1376a54b33a4b32a.html
1,0.333745333019099,http://datagivers.com/08156ebefeaa7a44f468ad54363b56876eb0.html
1,0.3773058379408314,https://flnd-my-icl.com/a.php
1,0.38322667364335455,http://channelhub.info/7b8a6c73ay0238415f8ab1f9da2ke9202b1b.html/
1,0.39585716010627525,http://pathdust.pages.dev/
0,0.522476548389222,https://forum.mova-tech.com/global/
0,0.5422599696609092,https://delishkitchen.tv/recipes/201257997647741286
0,0.5422599696609092,https://delishkitchen.tv/recipes/471272351909020801
0,0.5422599696609092,https://delishkitchen.tv/recipes/125436472865063179
0,0.6216113316370706,https://dmagazine.com/
0,0.6216113316370706,https://bitrefill.com/
0,0.6216113316370706,https://hobbyking.com/
0,0.6216113316370706,https://storables.com/
0,0.6322256838647551,http://centrodememoria.cnpq.br/cmemoria-index.html
0,0.6439661073756647,https://plus.sanrio.co.jp/smile/
0,0.6534881863496771,https://www.brookings.edu/events/
0,0.7612514506424324,https://www.tender.pro/
0,0.7612514506424324,https://www.trovit.com/
0,0.7686354474155143,https://projects.raspberrypi.org/
0,0.8562473234717904,https://support-registration.lancom.de/de/
0,0.9045458053762134,https://www.monster-strike.com/news/
0,0.9375418117823755,https://www.monster-strike.com/howto/
0,0.9831863427804685,https://browser-intake-ddog-gov.com/
0,0.9987705613860033,https://external-connectivity-status.infobip.com/
